{"mean": [853.1944095811552, 401.26353344022596, 0.808408413870702, -0.09608848231193452, 0.0, 365.1114441547313, 0.45013950362841515, 0.0], "std": [385.68142763802814, 185.95913843391182, 10.932028493783152, 8.911523927632523, 1.1581803067276694e-05, 230.0673614810915, 0.4975077195739935, 1.1581803067276694e-05]}